year,aimag,region,winter_temp_c,summer_drought_idx,snow_depth_cm,livestock_start,livestock_lost,mortality_pct
1990,Arkhangai,Central,-16.0,0.38,38.6,1723327,124079,7.2
1990,Bayan-Olgii,West,-10.5,0.45,5.0,1258317,86823,6.9
1990,Bayankhongor,South,-15.7,0.47,12.1,2083913,227146,10.9
1990,Bulgan,North,-14.8,0.32,15.8,1500829,72039,4.8
1990,Darkhan-Uul,North,-14.7,0.32,5.0,291218,18055,6.2
1990,Dornod,East,-18.1,0.35,5.0,1098374,116427,10.6
1990,Dornogovi,South,-15.8,0.52,17.1,921727,92172,10.0
1990,Dundgovi,South,-15.8,0.34,6.8,1269419,100284,7.9
1990,Govi-Altai,West,-19.7,0.41,38.8,1704044,211301,12.4
1990,Govisumber,Central,-16.1,0.55,5.0,217411,24567,11.3
1990,Khentii,East,-13.5,0.37,19.0,1289232,101849,7.9
1990,Khovd,West,-15.7,0.46,21.8,1696478,154379,9.1
1990,Khuvsgul,North,-15.2,0.3,5.0,2385790,155076,6.5
1990,Umnugovi,South,-17.4,0.49,11.0,877469,95644,10.9
1990,Uvs,West,-16.1,0.33,5.0,1983569,176537,8.9
1990,Selenge,North,-20.9,0.45,38.5,783385,165294,21.1
1990,Sukhbaatar,East,-13.6,0.38,9.6,1095734,82180,7.5
1990,Tuv,Central,-16.6,0.4,24.0,1640639,119766,7.3
1990,Uvurkhangai,Central,-16.1,0.55,5.0,2280312,282758,12.4
1990,Zavkhan,West,-17.4,0.23,27.1,1579095,138960,8.8
1990,Orkhon,Central,-14.1,0.39,5.0,169415,9487,5.6
1991,Arkhangai,Central,-19.6,0.42,26.9,2006566,262860,13.1
1991,Bayan-Olgii,West,-16.4,0.34,22.8,1276436,88074,6.9
1991,Bayankhongor,South,-18.9,0.29,24.6,1959489,207705,10.6
1991,Bulgan,North,-20.1,0.25,24.2,1455612,189229,13.0
1991,Darkhan-Uul,North,-22.1,0.31,35.4,304483,46585,15.3
1991,Dornod,East,-20.4,0.36,36.1,1156956,214036,18.5
1991,Dornogovi,South,-19.6,0.35,22.7,1020527,107155,10.5
1991,Dundgovi,South,-21.3,0.41,32.3,1281210,216524,16.9
1991,Govi-Altai,West,-23.1,0.22,40.8,1673980,251097,15.0
1991,Govisumber,Central,-21.4,0.26,29.7,217444,29137,13.4
1991,Khentii,East,-22.0,0.27,21.7,1214905,207748,17.1
1991,Khovd,West,-20.6,0.43,16.6,1806372,317921,17.6
1991,Khuvsgul,North,-18.5,0.37,29.6,2479757,247975,10.0
1991,Umnugovi,South,-16.1,0.29,17.2,840376,76474,9.1
1991,Uvs,West,-17.7,0.31,23.6,1856259,163350,8.8
1991,Selenge,North,-22.0,0.28,26.5,803852,135850,16.9
1991,Sukhbaatar,East,-20.5,0.41,33.2,1131783,158449,14.0
1991,Tuv,Central,-21.2,0.33,32.1,1697253,291927,17.2
1991,Uvurkhangai,Central,-24.3,0.21,47.9,2340687,454093,19.4
1991,Zavkhan,West,-19.6,0.29,9.2,1661642,249246,15.0
1991,Orkhon,Central,-15.6,0.12,16.7,167948,7893,4.7
1992,Arkhangai,Central,-16.0,0.19,24.1,1837937,126817,6.9
1992,Bayan-Olgii,West,-14.7,0.27,7.8,1247288,57375,4.6
1992,Bayankhongor,South,-15.4,0.27,5.0,2270005,106690,4.7
1992,Bulgan,North,-17.3,0.26,28.2,1527405,137466,9.0
1992,Darkhan-Uul,North,-18.1,0.14,20.8,266549,18658,7.0
1992,Dornod,East,-16.3,0.17,12.5,1049404,53519,5.1
1992,Dornogovi,South,-16.3,0.39,5.0,1025696,105646,10.3
1992,Dundgovi,South,-19.6,0.45,28.7,1391484,254641,18.3
1992,Govi-Altai,West,-14.8,0.28,5.0,1621938,84340,5.2
1992,Govisumber,Central,-17.4,0.33,12.6,229406,21334,9.3
1992,Khentii,East,-15.0,0.16,9.0,1211476,53304,4.4
1992,Khovd,West,-14.8,0.27,5.0,1784913,67826,3.8
1992,Khuvsgul,North,-15.2,0.25,9.1,2433029,133816,5.5
1992,Umnugovi,South,-17.4,0.35,19.2,963967,120495,12.5
1992,Uvs,West,-18.9,0.37,16.1,1784699,233795,13.1
1992,Selenge,North,-14.8,0.28,14.4,714229,43567,6.1
1992,Sukhbaatar,East,-17.6,0.17,18.5,1159450,111307,9.6
1992,Tuv,Central,-18.2,0.18,7.3,1533845,147249,9.6
1992,Uvurkhangai,Central,-18.9,0.12,20.7,2057907,199616,9.7
1992,Zavkhan,West,-17.2,0.14,28.3,1845720,108897,5.9
1992,Orkhon,Central,-13.4,0.2,5.0,196621,7471,3.8
1993,Arkhangai,Central,-20.9,0.61,22.1,1959539,368393,18.8
1993,Bayan-Olgii,West,-18.8,0.52,29.0,1178006,168454,14.3
1993,Bayankhongor,South,-25.7,0.51,43.8,2107821,704012,33.4
1993,Bulgan,North,-19.8,0.46,11.0,1502961,293077,19.5
1993,Darkhan-Uul,North,-21.0,0.24,32.9,289360,46876,16.2
1993,Dornod,East,-22.6,0.39,39.3,1094079,210063,19.2
1993,Dornogovi,South,-20.6,0.59,25.9,949871,166227,17.5
1993,Dundgovi,South,-22.2,0.44,30.2,1344721,224568,16.7
1993,Govi-Altai,West,-19.4,0.53,21.7,1729803,216225,12.5
1993,Govisumber,Central,-23.9,0.38,53.3,216326,43265,20.0
1993,Khentii,East,-20.0,0.37,28.5,1320397,187496,14.2
1993,Khovd,West,-16.7,0.33,19.0,1788621,196748,11.0
1993,Khuvsgul,North,-19.7,0.41,20.1,2309897,346484,15.0
1993,Umnugovi,South,-21.4,0.5,30.5,882379,195005,22.1
1993,Uvs,West,-18.4,0.58,20.2,1814655,221387,12.2
1993,Selenge,North,-20.5,0.21,37.0,763888,91666,12.0
1993,Sukhbaatar,East,-17.4,0.51,19.9,1129184,162602,14.4
1993,Tuv,Central,-22.9,0.6,36.4,1595809,456401,28.6
1993,Uvurkhangai,Central,-27.2,0.29,50.4,2397939,467598,19.5
1993,Zavkhan,West,-26.1,0.43,48.1,1689859,408945,24.2
1993,Orkhon,Central,-19.4,0.38,27.0,195046,25551,13.1
1994,Arkhangai,Central,-19.6,0.2,25.1,1945302,254834,13.1
1994,Bayan-Olgii,West,-17.9,0.07,23.1,1187357,89051,7.5
1994,Bayankhongor,South,-16.7,0.14,23.4,2089898,156742,7.5
1994,Bulgan,North,-16.8,0.08,5.0,1539780,84687,5.5
1994,Darkhan-Uul,North,-20.5,0.08,32.7,266138,23952,9.0
1994,Dornod,East,-25.7,0.1,35.9,1063159,245589,23.1
1994,Dornogovi,South,-22.1,0.17,28.9,979991,132298,13.5
1994,Dundgovi,South,-20.5,0.14,36.0,1439413,175608,12.2
1994,Govi-Altai,West,-18.6,0.13,24.6,1712904,193558,11.3
1994,Govisumber,Central,-20.5,0.14,35.0,225386,30652,13.6
1994,Khentii,East,-18.5,0.12,30.2,1331113,145091,10.9
1994,Khovd,West,-25.8,0.14,39.4,1872319,511143,27.3
1994,Khuvsgul,North,-19.9,0.08,41.9,2592782,243721,9.4
1994,Umnugovi,South,-25.9,0.18,50.1,856683,194467,22.7
1994,Uvs,West,-22.6,0.11,36.9,2046208,360132,17.6
1994,Selenge,North,-21.5,0.14,30.3,786137,142290,18.1
1994,Sukhbaatar,East,-21.0,0.18,40.0,1166149,143436,12.3
1994,Tuv,Central,-22.3,0.19,27.1,1703305,316814,18.6
1994,Uvurkhangai,Central,-20.2,0.24,23.2,2140526,252582,11.8
1994,Zavkhan,West,-20.0,0.15,28.2,1630247,242906,14.9
1994,Orkhon,Central,-21.0,0.2,19.1,181055,30779,17.0
1995,Arkhangai,Central,-16.7,0.21,14.2,1826113,151567,8.3
1995,Bayan-Olgii,West,-18.3,0.12,24.6,1324923,128517,9.7
1995,Bayankhongor,South,-17.3,0.23,19.0,2030921,178721,8.8
1995,Bulgan,North,-19.7,0.19,26.9,1366624,150328,11.0
1995,Darkhan-Uul,North,-20.7,0.06,23.0,287418,34202,11.9
1995,Dornod,East,-14.4,0.1,5.0,1080159,32404,3.0
1995,Dornogovi,South,-15.0,0.24,15.6,1038809,41552,4.0
1995,Dundgovi,South,-18.2,0.24,20.9,1380096,132489,9.6
1995,Govi-Altai,West,-15.2,0.31,8.2,1776440,115468,6.5
1995,Govisumber,Central,-15.7,0.19,10.6,242232,10173,4.2
1995,Khentii,East,-15.5,0.42,8.6,1365298,101032,7.4
1995,Khovd,West,-18.9,0.23,21.5,1857856,159775,8.6
1995,Khuvsgul,North,-16.7,0.2,12.2,2416156,200540,8.3
1995,Umnugovi,South,-18.5,0.23,23.3,940863,107258,11.4
1995,Uvs,West,-18.1,0.15,18.0,1991968,183261,9.2
1995,Selenge,North,-19.2,0.12,29.0,775157,80616,10.4
1995,Sukhbaatar,East,-13.2,0.27,5.0,1198163,67097,5.6
1995,Tuv,Central,-16.4,0.27,10.3,1669318,108505,6.5
1995,Uvurkhangai,Central,-15.5,0.16,6.9,2338018,79492,3.4
1995,Zavkhan,West,-16.5,0.33,5.0,1810487,123113,6.8
1995,Orkhon,Central,-16.5,0.13,23.0,196748,13182,6.7
1996,Arkhangai,Central,-24.5,0.44,42.6,1882258,376451,20.0
1996,Bayan-Olgii,West,-18.1,0.35,14.1,1335096,149530,11.2
1996,Bayankhongor,South,-19.5,0.21,27.8,2176715,217671,10.0
1996,Bulgan,North,-17.1,0.41,26.1,1499202,176905,11.8
1996,Darkhan-Uul,North,-20.7,0.37,30.9,289221,51770,17.9
1996,Dornod,East,-20.8,0.39,17.4,1069005,188144,17.6
1996,Dornogovi,South,-21.0,0.44,28.6,1016651,217563,21.4
1996,Dundgovi,South,-18.7,0.53,28.8,1281283,143503,11.2
1996,Govi-Altai,West,-17.5,0.31,8.4,1551413,193926,12.5
1996,Govisumber,Central,-20.8,0.5,20.7,243292,36737,15.1
1996,Khentii,East,-18.7,0.41,20.2,1294269,207083,16.0
1996,Khovd,West,-23.9,0.48,50.1,1763679,298061,16.9
1996,Khuvsgul,North,-19.8,0.3,14.0,2709935,349581,12.9
1996,Umnugovi,South,-15.4,0.45,5.0,877641,71088,8.1
1996,Uvs,West,-18.7,0.37,17.5,2088498,258973,12.4
1996,Selenge,North,-24.6,0.33,37.2,760700,174961,23.0
1996,Sukhbaatar,East,-19.1,0.54,16.8,1237663,168322,13.6
1996,Tuv,Central,-17.6,0.18,10.3,1580725,139103,8.8
1996,Uvurkhangai,Central,-20.5,0.4,28.9,2321232,318008,13.7
1996,Zavkhan,West,-18.2,0.28,31.8,1883371,195870,10.4
1996,Orkhon,Central,-20.5,0.15,25.4,197047,22266,11.3
1997,Arkhangai,Central,-20.2,0.26,20.3,1870942,265673,14.2
1997,Bayan-Olgii,West,-18.0,0.29,29.2,1353149,127196,9.4
1997,Bayankhongor,South,-22.5,0.42,40.2,2321391,445707,19.2
1997,Bulgan,North,-18.4,0.35,31.2,1404296,147451,10.5
1997,Darkhan-Uul,North,-14.0,0.28,13.1,282105,13823,4.9
1997,Dornod,East,-19.3,0.38,9.7,1110495,189894,17.1
1997,Dornogovi,South,-19.9,0.2,27.5,966343,131422,13.6
1997,Dundgovi,South,-19.7,0.46,15.4,1298326,199942,15.4
1997,Govi-Altai,West,-23.2,0.4,32.2,1609101,252628,15.7
1997,Govisumber,Central,-16.5,0.38,21.0,222609,16473,7.4
1997,Khentii,East,-18.5,0.28,8.6,1270236,160049,12.6
1997,Khovd,West,-23.8,0.28,37.3,1894167,390198,20.6
1997,Khuvsgul,North,-21.7,0.41,34.2,2389380,418141,17.5
1997,Umnugovi,South,-21.0,0.48,26.4,888369,143027,16.1
1997,Uvs,West,-15.3,0.27,15.6,2110330,139281,6.6
1997,Selenge,North,-20.7,0.29,42.3,756884,87798,11.6
1997,Sukhbaatar,East,-18.9,0.22,12.8,1234958,174129,14.1
1997,Tuv,Central,-18.4,0.25,9.6,1704778,132972,7.8
1997,Uvurkhangai,Central,-17.1,0.3,16.3,2413406,166525,6.9
1997,Zavkhan,West,-18.3,0.38,21.5,1832776,164949,9.0
1997,Orkhon,Central,-20.7,0.33,26.0,183509,27159,14.8
1998,Arkhangai,Central,-20.3,0.44,22.6,1862564,366925,19.7
1998,Bayan-Olgii,West,-20.4,0.45,29.2,1334551,268244,20.1
1998,Bayankhongor,South,-21.7,0.45,32.4,2268615,444648,19.6
1998,Bulgan,North,-16.7,0.22,22.3,1604381,94658,5.9
1998,Darkhan-Uul,North,-19.0,0.35,18.5,280160,28296,10.1
1998,Dornod,East,-15.1,0.4,5.0,1218404,80414,6.6
1998,Dornogovi,South,-20.0,0.37,28.6,953729,179301,18.8
1998,Dundgovi,South,-18.0,0.32,27.6,1475325,143106,9.7
1998,Govi-Altai,West,-22.4,0.34,46.8,1587862,261997,16.5
1998,Govisumber,Central,-15.7,0.48,8.5,234282,17805,7.6
1998,Khentii,East,-16.9,0.3,19.8,1422536,142253,10.0
1998,Khovd,West,-24.2,0.44,56.2,1883740,472818,25.1
1998,Khuvsgul,North,-16.8,0.31,9.3,2657166,223201,8.4
1998,Umnugovi,South,-17.9,0.52,30.3,928634,148581,16.0
1998,Uvs,West,-22.9,0.51,40.2,1927616,503107,26.1
1998,Selenge,North,-22.2,0.4,35.2,776964,186471,24.0
1998,Sukhbaatar,East,-16.6,0.41,14.8,1079828,78827,7.3
1998,Tuv,Central,-12.3,0.33,5.0,1567991,75263,4.8
1998,Uvurkhangai,Central,-18.7,0.37,21.1,2202022,259838,11.8
1998,Zavkhan,West,-17.2,0.38,26.5,1780664,144233,8.1
1998,Orkhon,Central,-16.6,0.42,21.0,203449,21972,10.8
1999,Arkhangai,Central,-18.8,0.0,26.8,1864096,134214,7.2
1999,Bayan-Olgii,West,-22.7,0.21,46.5,1194211,195850,16.4
1999,Bayankhongor,South,-23.4,0.06,59.7,2422678,482112,19.9
1999,Bulgan,North,-21.9,0.08,39.9,1481437,164439,11.1
1999,Darkhan-Uul,North,-19.4,0.15,22.7,302680,28451,9.4
1999,Dornod,East,-17.7,0.21,17.6,1220245,135447,11.1
1999,Dornogovi,South,-19.3,0.14,24.1,1004956,89441,8.9
1999,Dundgovi,South,-20.8,0.15,36.0,1286975,138993,10.8
1999,Govi-Altai,West,-16.9,0.26,13.7,1643333,113389,6.9
1999,Govisumber,Central,-23.2,0.15,39.7,242974,52725,21.7
1999,Khentii,East,-20.7,0.11,23.5,1426390,215384,15.1
1999,Khovd,West,-17.3,0.24,12.9,1805766,135432,7.5
1999,Khuvsgul,North,-21.0,0.21,38.6,2654971,427450,16.1
1999,Umnugovi,South,-18.6,0.23,8.1,946292,125856,13.3
1999,Uvs,West,-21.3,0.3,27.2,2133960,313692,14.7
1999,Selenge,North,-20.9,0.07,36.2,815833,115848,14.2
1999,Sukhbaatar,East,-22.3,0.18,38.1,1227502,220950,18.0
1999,Tuv,Central,-18.6,0.14,27.2,1639995,170559,10.4
1999,Uvurkhangai,Central,-19.6,0.1,19.4,2521697,310168,12.3
1999,Zavkhan,West,-21.2,0.05,23.6,1913029,292693,15.3
1999,Orkhon,Central,-21.0,0.2,39.0,191209,33270,17.4
2000,Arkhangai,Central,-20.2,0.71,38.9,1877220,450532,24.0
2000,Bayan-Olgii,West,-18.0,0.74,7.1,1207147,175036,14.5
2000,Bayankhongor,South,-18.7,0.79,26.9,2277443,314287,13.8
2000,Bulgan,North,-22.6,0.43,30.7,1454035,330065,22.7
2000,Darkhan-Uul,North,-19.0,0.44,29.5,281887,30161,10.7
2000,Dornod,East,-18.1,0.45,13.8,1233571,115955,9.4
2000,Dornogovi,South,-20.5,0.6,22.9,962696,229121,23.8
2000,Dundgovi,South,-21.7,0.68,23.0,1487183,282564,19.0
2000,Govi-Altai,West,-18.5,0.49,13.1,1769662,276067,15.6
2000,Govisumber,Central,-24.7,0.62,40.1,253145,68855,27.2
2000,Khentii,East,-22.3,0.51,49.1,1424009,323250,22.7
2000,Khovd,West,-17.8,0.65,17.4,1898807,296213,15.6
2000,Khuvsgul,North,-20.5,0.37,25.1,2483490,447028,18.0
2000,Umnugovi,South,-24.4,0.65,42.9,953278,222113,23.3
2000,Uvs,West,-21.6,0.51,21.4,2000066,340011,17.0
2000,Selenge,North,-20.1,0.37,33.5,780921,128851,16.5
2000,Sukhbaatar,East,-21.4,0.53,30.0,1169056,185879,15.9
2000,Tuv,Central,-19.9,0.59,17.9,1826281,273942,15.0
2000,Uvurkhangai,Central,-18.9,0.35,35.4,2359630,353944,15.0
2000,Zavkhan,West,-22.4,0.52,35.8,1838740,459685,25.0
2000,Orkhon,Central,-26.7,0.51,37.6,179645,56228,31.3
2001,Arkhangai,Central,-24.4,0.52,34.5,2000078,370014,18.5
2001,Bayan-Olgii,West,-22.9,0.63,44.7,1385977,310458,22.4
2001,Bayankhongor,South,-21.9,0.82,40.8,2328469,586774,25.2
2001,Bulgan,North,-22.9,0.54,48.9,1414913,244779,17.3
2001,Darkhan-Uul,North,-18.8,0.64,5.0,283852,55351,19.5
2001,Dornod,East,-22.7,0.33,36.9,1203161,282742,23.5
2001,Dornogovi,South,-22.5,0.9,33.4,1061302,323697,30.5
2001,Dundgovi,South,-21.4,0.82,37.6,1331177,314157,23.6
2001,Govi-Altai,West,-20.6,0.74,34.9,1604033,373739,23.3
2001,Govisumber,Central,-20.2,0.59,20.5,222087,37088,16.7
2001,Khentii,East,-21.5,0.51,28.8,1445097,320811,22.2
2001,Khovd,West,-21.5,0.91,28.2,2049497,436542,21.3
2001,Khuvsgul,North,-21.7,0.44,36.8,2406236,551028,22.9
2001,Umnugovi,South,-19.7,0.9,20.9,1006370,270713,26.9
2001,Uvs,West,-22.8,0.82,36.1,1993311,570086,28.6
2001,Selenge,North,-19.2,0.61,22.9,770397,142523,18.5
2001,Sukhbaatar,East,-21.9,0.69,32.8,1280756,226693,17.7
2001,Tuv,Central,-22.7,0.62,25.5,1715150,404775,23.6
2001,Uvurkhangai,Central,-25.6,0.59,32.7,2423779,826508,34.1
2001,Zavkhan,West,-22.8,0.64,39.4,1959127,534841,27.3
2001,Orkhon,Central,-23.8,0.59,28.6,194918,47754,24.5
2002,Arkhangai,Central,-19.3,0.35,40.8,2002402,282338,14.1
2002,Bayan-Olgii,West,-20.0,0.57,30.5,1324975,246445,18.6
2002,Bayankhongor,South,-25.9,0.69,53.7,2208064,658003,29.8
2002,Bulgan,North,-23.7,0.45,41.8,1604716,303291,18.9
2002,Darkhan-Uul,North,-23.3,0.41,34.2,287248,76982,26.8
2002,Dornod,East,-21.4,0.61,32.8,1197933,196461,16.4
2002,Dornogovi,South,-22.7,0.61,37.1,1079586,302284,28.0
2002,Dundgovi,South,-22.2,0.64,43.2,1344803,229961,17.1
2002,Govi-Altai,West,-22.4,0.58,44.0,1848103,406582,22.0
2002,Govisumber,Central,-22.6,0.54,24.1,241357,41030,17.0
2002,Khentii,East,-19.6,0.52,28.8,1304019,203426,15.6
2002,Khovd,West,-21.4,0.6,33.2,1999853,469965,23.5
2002,Khuvsgul,North,-19.2,0.38,24.9,2560863,412298,16.1
2002,Umnugovi,South,-16.9,0.65,6.8,1006050,145877,14.5
2002,Uvs,West,-18.5,0.57,16.2,1993273,360782,18.1
2002,Selenge,North,-17.7,0.38,15.1,803768,65908,8.2
2002,Sukhbaatar,East,-22.0,0.66,33.6,1175887,311610,26.5
2002,Tuv,Central,-19.9,0.53,13.8,1727094,352327,20.4
2002,Uvurkhangai,Central,-22.5,0.46,42.1,2224114,373651,16.8
2002,Zavkhan,West,-17.2,0.54,21.7,1924644,192464,10.0
2002,Orkhon,Central,-19.2,0.3,10.1,207883,23282,11.2
2003,Arkhangai,Central,-16.9,0.16,20.9,2197995,156057,7.1
2003,Bayan-Olgii,West,-18.2,0.2,18.5,1405235,105392,7.5
2003,Bayankhongor,South,-18.2,0.25,26.9,2446807,274042,11.2
2003,Bulgan,North,-17.9,0.09,31.2,1516535,145587,9.6
2003,Darkhan-Uul,North,-20.3,0.01,17.7,291509,28859,9.9
2003,Dornod,East,-17.9,0.29,9.2,1192119,139477,11.7
2003,Dornogovi,South,-23.2,0.2,28.5,1086519,204265,18.8
2003,Dundgovi,South,-19.1,0.29,9.5,1534695,168816,11.0
2003,Govi-Altai,West,-17.9,0.13,25.5,1893850,151508,8.0
2003,Govisumber,Central,-17.9,0.22,15.9,246744,20973,8.5
2003,Khentii,East,-18.4,0.11,23.5,1352481,121723,9.0
2003,Khovd,West,-20.3,0.14,22.3,1960418,215645,11.0
2003,Khuvsgul,North,-24.1,0.07,45.0,2767151,475949,17.2
2003,Umnugovi,South,-21.0,0.07,40.4,1032335,149688,14.5
2003,Uvs,West,-23.1,0.15,46.7,1967800,411270,20.9
2003,Selenge,North,-21.7,0.17,36.4,863488,144202,16.7
2003,Sukhbaatar,East,-14.6,0.15,17.4,1176069,35282,3.0
2003,Tuv,Central,-23.7,0.06,45.8,1695345,242434,14.3
2003,Uvurkhangai,Central,-17.6,0.14,14.1,2386296,229084,9.6
2003,Zavkhan,West,-20.2,0.07,27.9,1760683,218324,12.4
2003,Orkhon,Central,-15.8,0.05,13.8,190047,6081,3.2
2004,Arkhangai,Central,-18.3,0.08,19.2,1914426,162726,8.5
2004,Bayan-Olgii,West,-17.0,0.01,15.0,1294773,63443,4.9
2004,Bayankhongor,South,-17.1,0.09,12.0,2203608,171881,7.8
2004,Bulgan,North,-20.9,0.14,35.6,1605552,261704,16.3
2004,Darkhan-Uul,North,-19.1,0.08,19.7,316950,29793,9.4
2004,Dornod,East,-14.9,0.0,5.0,1143812,20588,1.8
2004,Dornogovi,South,-17.5,0.17,5.0,1092160,107031,9.8
2004,Dundgovi,South,-13.9,0.04,18.6,1462125,32166,2.2
2004,Govi-Altai,West,-14.2,0.01,14.7,1781437,30284,1.7
2004,Govisumber,Central,-18.2,0.1,11.2,245881,14998,6.1
2004,Khentii,East,-15.8,0.2,16.1,1296342,84262,6.5
2004,Khovd,West,-15.8,0.11,28.4,2036420,81456,4.0
2004,Khuvsgul,North,-20.7,0.01,53.5,2594525,368422,14.2
2004,Umnugovi,South,-10.7,0.0,5.0,957716,18196,1.9
2004,Uvs,West,-16.7,0.24,5.0,2145767,190973,8.9
2004,Selenge,North,-18.2,0.0,8.4,878154,74643,8.5
2004,Sukhbaatar,East,-15.4,0.16,23.9,1228664,43003,3.5
2004,Tuv,Central,-16.0,0.06,17.9,1800203,90010,5.0
2004,Uvurkhangai,Central,-17.5,0.06,19.0,2622252,209780,8.0
2004,Zavkhan,West,-17.5,0.21,25.4,1925566,169449,8.8
2004,Orkhon,Central,-12.9,0.19,5.2,187102,6174,3.3
2005,Arkhangai,Central,-17.5,0.21,21.6,1939535,137706,7.1
2005,Bayan-Olgii,West,-18.8,0.19,26.0,1251740,108901,8.7
2005,Bayankhongor,South,-18.7,0.32,22.8,2491140,356233,14.3
2005,Bulgan,North,-17.2,0.2,5.0,1666659,163332,9.8
2005,Darkhan-Uul,North,-19.0,0.0,17.1,328546,26283,8.0
2005,Dornod,East,-20.4,0.07,27.4,1284163,164372,12.8
2005,Dornogovi,South,-18.2,0.27,24.1,1056051,91876,8.7
2005,Dundgovi,South,-19.0,0.2,25.7,1455960,183450,12.6
2005,Govi-Altai,West,-17.3,0.28,13.2,1909847,171886,9.0
2005,Govisumber,Central,-17.9,0.25,36.6,235090,19982,8.5
2005,Khentii,East,-20.5,0.25,23.1,1364761,181513,13.3
2005,Khovd,West,-17.0,0.23,17.0,1977041,158163,8.0
2005,Khuvsgul,North,-21.6,0.08,26.0,2704631,289395,10.7
2005,Umnugovi,South,-22.2,0.27,25.5,977263,130953,13.4
2005,Uvs,West,-19.2,0.17,19.2,2183100,277253,12.7
2005,Selenge,North,-18.4,0.24,23.1,779725,74853,9.6
2005,Sukhbaatar,East,-18.2,0.2,34.6,1153996,137325,11.9
2005,Tuv,Central,-21.2,0.1,21.2,1651948,267615,16.2
2005,Uvurkhangai,Central,-20.3,0.15,19.0,2408781,252922,10.5
2005,Zavkhan,West,-20.5,0.29,24.7,1763296,269784,15.3
2005,Orkhon,Central,-19.1,0.22,24.7,190663,25167,13.2
2006,Arkhangai,Central,-18.6,0.09,29.8,2124849,146614,6.9
2006,Bayan-Olgii,West,-24.3,0.14,37.6,1459841,265691,18.2
2006,Bayankhongor,South,-23.1,0.15,37.1,2550648,527984,20.7
2006,Bulgan,North,-17.1,0.0,33.9,1492744,95535,6.4
2006,Darkhan-Uul,North,-17.7,0.06,25.6,320840,25025,7.8
2006,Dornod,East,-15.4,0.0,24.3,1300726,23413,1.8
2006,Dornogovi,South,-15.9,0.07,12.3,1138310,48947,4.3
2006,Dundgovi,South,-16.8,0.0,6.3,1491401,56673,3.8
2006,Govi-Altai,West,-9.7,0.15,5.0,1747449,45433,2.6
2006,Govisumber,Central,-16.4,0.02,22.5,264938,11127,4.2
2006,Khentii,East,-22.3,0.0,38.2,1366453,199502,14.6
2006,Khovd,West,-17.2,0.13,20.0,2100920,165972,7.9
2006,Khuvsgul,North,-18.8,0.09,27.7,2713838,255100,9.4
2006,Umnugovi,South,-17.1,0.07,18.7,948864,69267,7.3
2006,Uvs,West,-18.5,0.19,14.4,1995157,157617,7.9
2006,Selenge,North,-23.1,0.04,43.4,850418,142019,16.7
2006,Sukhbaatar,East,-20.1,0.09,20.2,1225674,111536,9.1
2006,Tuv,Central,-21.6,0.13,34.2,1929555,248912,12.9
2006,Uvurkhangai,Central,-13.5,0.11,5.0,2627107,70931,2.7
2006,Zavkhan,West,-16.3,0.05,7.5,1993448,89705,4.5
2006,Orkhon,Central,-19.6,0.16,32.9,193714,23245,12.0
2007,Arkhangai,Central,-17.4,0.11,11.9,1996951,157759,7.9
2007,Bayan-Olgii,West,-19.9,0.32,39.3,1275943,176080,13.8
2007,Bayankhongor,South,-15.5,0.2,5.0,2269811,115760,5.1
2007,Bulgan,North,-16.6,0.02,14.1,1580243,71110,4.5
2007,Darkhan-Uul,North,-16.5,0.11,19.2,337929,14868,4.4
2007,Dornod,East,-15.9,0.21,5.0,1287201,81093,6.3
2007,Dornogovi,South,-17.0,0.18,17.2,1019504,78501,7.7
2007,Dundgovi,South,-21.0,0.13,43.2,1528364,204800,13.4
2007,Govi-Altai,West,-19.8,0.18,30.3,1942252,213647,11.0
2007,Govisumber,Central,-17.1,0.28,27.2,237996,24989,10.5
2007,Khentii,East,-18.0,0.16,23.3,1309953,91696,7.0
2007,Khovd,West,-20.9,0.2,22.7,1992309,286892,14.4
2007,Khuvsgul,North,-18.0,0.13,12.2,2705669,186691,6.9
2007,Umnugovi,South,-19.2,0.15,28.3,1086264,90159,8.3
2007,Uvs,West,-21.7,0.15,16.4,2182459,309909,14.2
2007,Selenge,North,-23.6,0.04,45.1,827729,121676,14.7
2007,Sukhbaatar,East,-18.7,0.11,19.4,1336375,152346,11.4
2007,Tuv,Central,-19.1,0.2,26.7,1811576,255432,14.1
2007,Uvurkhangai,Central,-14.6,0.03,8.3,2434494,55993,2.3
2007,Zavkhan,West,-13.2,0.32,5.0,1799001,109739,6.1
2007,Orkhon,Central,-19.4,0.11,25.5,218991,19490,8.9
2008,Arkhangai,Central,-21.4,0.0,42.6,1973340,299947,15.2
2008,Bayan-Olgii,West,-23.7,0.06,29.3,1282362,180813,14.1
2008,Bayankhongor,South,-20.5,0.0,18.1,2243965,242348,10.8
2008,Bulgan,North,-19.2,0.15,26.7,1630838,128836,7.9
2008,Darkhan-Uul,North,-19.6,0.0,20.1,343857,30259,8.8
2008,Dornod,East,-17.9,0.05,22.2,1197016,71820,6.0
2008,Dornogovi,South,-19.4,0.1,18.7,1025166,112768,11.0
2008,Dundgovi,South,-20.0,0.0,35.0,1484246,189983,12.8
2008,Govi-Altai,West,-21.5,0.13,35.0,1890111,266505,14.1
2008,Govisumber,Central,-23.2,0.12,33.6,243401,32859,13.5
2008,Khentii,East,-20.2,0.07,21.5,1477663,202439,13.7
2008,Khovd,West,-22.9,0.0,39.6,2158399,353977,16.4
2008,Khuvsgul,North,-18.0,0.19,17.7,2747748,211576,7.7
2008,Umnugovi,South,-20.8,0.08,27.4,976996,150457,15.4
2008,Uvs,West,-20.5,0.01,41.3,2298504,273521,11.9
2008,Selenge,North,-21.1,0.0,28.3,923852,133034,14.4
2008,Sukhbaatar,East,-21.8,0.14,22.1,1259820,147398,11.7
2008,Tuv,Central,-20.7,0.06,41.2,1877711,180260,9.6
2008,Uvurkhangai,Central,-24.5,0.0,45.7,2433963,360226,14.8
2008,Zavkhan,West,-18.6,0.0,25.8,1986572,147006,7.4
2008,Orkhon,Central,-19.3,0.06,22.6,216662,16249,7.5
2009,Arkhangai,Central,-21.3,0.62,33.2,2242103,347525,15.5
2009,Bayan-Olgii,West,-19.6,0.67,53.6,1314429,268143,20.4
2009,Bayankhongor,South,-22.8,0.66,44.0,2351474,623140,26.5
2009,Bulgan,North,-24.9,0.4,42.3,1561799,321730,20.6
2009,Darkhan-Uul,North,-19.0,0.55,18.1,340413,58551,17.2
2009,Dornod,East,-18.2,0.52,14.2,1363342,156784,11.5
2009,Dornogovi,South,-19.6,0.84,20.9,1141704,176964,15.5
2009,Dundgovi,South,-17.0,0.85,11.2,1439015,223047,15.5
2009,Govi-Altai,West,-22.0,0.73,20.1,1850146,431084,23.3
2009,Govisumber,Central,-22.9,0.48,35.3,268594,70103,26.1
2009,Khentii,East,-20.3,0.63,33.2,1400282,260452,18.6
2009,Khovd,West,-20.1,0.73,28.4,2088967,319611,15.3
2009,Khuvsgul,North,-21.8,0.39,35.5,2545560,399652,15.7
2009,Umnugovi,South,-24.4,0.84,36.0,1061754,247388,23.3
2009,Uvs,West,-20.4,0.63,32.1,2015289,443363,22.0
2009,Selenge,North,-23.0,0.35,24.9,814835,136077,16.7
2009,Sukhbaatar,East,-22.8,0.47,37.1,1254450,196948,15.7
2009,Tuv,Central,-15.6,0.56,9.9,1960696,213715,10.9
2009,Uvurkhangai,Central,-22.6,0.65,43.7,2353343,404774,17.2
2009,Zavkhan,West,-27.7,0.61,63.3,1844737,503613,27.3
2009,Orkhon,Central,-22.5,0.56,30.8,218646,40886,18.7
2010,Arkhangai,Central,-25.0,0.49,49.7,2085283,462932,22.2
2010,Bayan-Olgii,West,-22.1,0.52,24.3,1495494,251242,16.8
2010,Bayankhongor,South,-17.8,0.58,12.5,2497537,282221,11.3
2010,Bulgan,North,-24.2,0.53,49.0,1707626,397876,23.3
2010,Darkhan-Uul,North,-23.7,0.4,43.5,300415,61585,20.5
2010,Dornod,East,-22.7,0.42,37.2,1354432,215354,15.9
2010,Dornogovi,South,-24.5,0.6,44.3,1170069,285496,24.4
2010,Dundgovi,South,-20.6,0.77,28.2,1438255,266077,18.5
2010,Govi-Altai,West,-22.7,0.68,43.2,1820590,458788,25.2
2010,Govisumber,Central,-21.0,0.76,31.4,244450,52556,21.5
2010,Khentii,East,-25.1,0.38,32.0,1404446,294933,21.0
2010,Khovd,West,-23.5,0.63,44.8,2154731,506361,23.5
2010,Khuvsgul,North,-21.0,0.32,22.1,2648366,405199,15.3
2010,Umnugovi,South,-22.9,0.65,48.3,1049342,270730,25.8
2010,Uvs,West,-23.7,0.57,33.6,2367239,544464,23.0
2010,Selenge,North,-22.0,0.41,42.0,887814,176674,19.9
2010,Sukhbaatar,East,-23.7,0.44,26.0,1174420,300651,25.6
2010,Tuv,Central,-24.0,0.38,27.4,1754881,357995,20.4
2010,Uvurkhangai,Central,-21.8,0.68,31.1,2752939,688234,25.0
2010,Zavkhan,West,-22.6,0.44,37.1,1889609,347688,18.4
2010,Orkhon,Central,-27.4,0.57,52.6,205399,57717,28.1
2011,Arkhangai,Central,-16.3,0.43,5.0,2064376,158956,7.7
2011,Bayan-Olgii,West,-15.0,0.37,17.8,1428634,82860,5.8
2011,Bayankhongor,South,-16.0,0.39,19.1,2371433,199200,8.4
2011,Bulgan,North,-20.4,0.32,47.1,1674701,194265,11.6
2011,Darkhan-Uul,North,-18.9,0.38,30.6,334661,55553,16.6
2011,Dornod,East,-14.8,0.29,26.6,1282829,56444,4.4
2011,Dornogovi,South,-16.1,0.43,14.3,1085624,122675,11.3
2011,Dundgovi,South,-20.3,0.57,36.4,1592605,326484,20.5
2011,Govi-Altai,West,-16.2,0.37,23.7,1880125,174851,9.3
2011,Govisumber,Central,-13.0,0.43,5.0,268177,21722,8.1
2011,Khentii,East,-17.9,0.39,21.0,1441753,164359,11.4
2011,Khovd,West,-22.4,0.52,49.7,1938180,455472,23.5
2011,Khuvsgul,North,-15.0,0.28,23.1,2691991,164211,6.1
2011,Umnugovi,South,-16.0,0.42,14.8,1102725,93731,8.5
2011,Uvs,West,-16.4,0.48,23.7,2384742,295708,12.4
2011,Selenge,North,-16.0,0.36,24.1,915023,75946,8.3
2011,Sukhbaatar,East,-16.7,0.39,14.4,1283615,96271,7.5
2011,Tuv,Central,-18.6,0.52,8.4,1740118,257537,14.8
2011,Uvurkhangai,Central,-17.3,0.52,23.4,2727621,259123,9.5
2011,Zavkhan,West,-15.5,0.39,5.0,1875039,103127,5.5
2011,Orkhon,Central,-20.3,0.21,29.5,210930,25944,12.3
2012,Arkhangai,Central,-15.4,0.21,15.0,2035185,120075,5.9
2012,Bayan-Olgii,West,-19.3,0.24,31.3,1460101,207334,14.2
2012,Bayankhongor,South,-17.1,0.2,15.3,2492164,191896,7.7
2012,Bulgan,North,-18.0,0.09,31.9,1617980,126202,7.8
2012,Darkhan-Uul,North,-12.3,0.13,5.0,347891,10088,2.9
2012,Dornod,East,-18.2,0.2,16.9,1302775,156333,12.0
2012,Dornogovi,South,-13.7,0.17,5.0,1126940,38315,3.4
2012,Dundgovi,South,-13.6,0.17,16.3,1485648,54968,3.7
2012,Govi-Altai,West,-16.3,0.19,11.7,1757060,133536,7.6
2012,Govisumber,Central,-16.6,0.26,14.2,278487,17823,6.4
2012,Khentii,East,-13.3,0.13,5.0,1438370,41712,2.9
2012,Khovd,West,-14.9,0.08,5.0,2003684,42077,2.1
2012,Khuvsgul,North,-17.5,0.06,12.0,2837143,207111,7.3
2012,Umnugovi,South,-15.6,0.29,17.1,1003671,63231,6.3
2012,Uvs,West,-19.3,0.12,24.0,2112942,166922,7.9
2012,Selenge,North,-19.2,0.0,24.2,875563,74422,8.5
2012,Sukhbaatar,East,-15.7,0.18,24.9,1366246,73777,5.4
2012,Tuv,Central,-13.6,0.1,21.9,1909500,59194,3.1
2012,Uvurkhangai,Central,-17.4,0.16,5.0,2577280,180409,7.0
2012,Zavkhan,West,-16.5,0.22,15.3,1853075,101919,5.5
2012,Orkhon,Central,-12.0,0.11,5.0,197360,6512,3.3
2013,Arkhangai,Central,-20.5,0.29,41.3,2236690,375763,16.8
2013,Bayan-Olgii,West,-16.0,0.34,18.5,1453227,113351,7.8
2013,Bayankhongor,South,-14.0,0.3,5.0,2616907,159631,6.1
2013,Bulgan,North,-18.9,0.33,39.0,1768348,279398,15.8
2013,Darkhan-Uul,North,-17.5,0.29,14.7,343159,39120,11.4
2013,Dornod,East,-19.8,0.26,24.2,1389780,134808,9.7
2013,Dornogovi,South,-18.5,0.31,17.7,1175057,126906,10.8
2013,Dundgovi,South,-20.6,0.26,22.4,1555414,247310,15.9
2013,Govi-Altai,West,-17.3,0.19,18.6,1751875,175187,10.0
2013,Govisumber,Central,-20.0,0.37,19.9,259051,33935,13.1
2013,Khentii,East,-15.3,0.27,14.8,1520057,72962,4.8
2013,Khovd,West,-17.5,0.36,9.3,2071860,236192,11.4
2013,Khuvsgul,North,-18.8,0.19,10.3,2772319,346539,12.5
2013,Umnugovi,South,-20.4,0.29,31.7,1034908,155236,15.0
2013,Uvs,West,-15.6,0.17,14.3,2286136,86873,3.8
2013,Selenge,North,-18.9,0.14,21.1,827815,79470,9.6
2013,Sukhbaatar,East,-18.9,0.32,36.3,1405555,129311,9.2
2013,Tuv,Central,-16.3,0.12,15.9,1838764,101132,5.5
2013,Uvurkhangai,Central,-18.4,0.34,24.9,2540131,284494,11.2
2013,Zavkhan,West,-17.7,0.36,15.5,1879952,234994,12.5
2013,Orkhon,Central,-19.0,0.07,9.0,223249,22324,10.0
